salary,hours-per-week
<=50K,38.840210355987054
>50K,45.473026399693914
